,Convex Finance,Curve,AAVE,Uniswap,Compound,Yearn Finance,MakerDAO
Convex Finance,1.0,0.9924412466470254,0.5999935752370016,0.6794522335007434,0.12855831566331188,0.44105617703107075,0.9145257162475657
Curve,0.9924412466470254,1.0,0.6385306972077602,0.7170050192176701,0.15280325330910294,0.4866414687229628,0.9397143123764549
AAVE,0.5999935752370016,0.6385306972077602,1.0,0.8120656779835076,0.6802480918970265,0.7428191985822494,0.7335160656746408
Uniswap,0.6794522335007434,0.7170050192176701,0.8120656779835076,1.0,0.6831198581363039,0.7776175856697415,0.8623786563372262
Compound,0.12855831566331188,0.15280325330910294,0.6802480918970265,0.6831198581363039,1.0,0.7264475898031456,0.3274277151929506
Yearn Finance,0.44105617703107075,0.4866414687229628,0.7428191985822494,0.7776175856697415,0.7264475898031456,1.0,0.6001813945527397
MakerDAO,0.9145257162475657,0.9397143123764549,0.7335160656746408,0.8623786563372262,0.3274277151929506,0.6001813945527397,1.0
